{1336029655531450369},Ï„Î·Î½ Ï„ÎµÎ»ÎµÏ…Ï„Î±Î¯Î± Î·Î¼Î­ÏÎ±, Î· Ï„Î¿Ï…ÏÎºÎ¯Î± ÎºÎ±Ï„Î­Î³ÏÎ±ÏˆÎµ ÎµÏ€Î¯ÏƒÎ·Ï‚ 32.137 Î½Î­ÎµÏ‚ Ï€ÎµÏÎ¹Ï€Ï„ÏÏƒÎµÎ¹Ï‚ Î¼ÏŒÎ»Ï…Î½ÏƒÎ·Ï‚. #news #turkey #covid19   https://t.co/tuqx0dwphe
{1416772185302224902},Ğ² ÑƒĞºÑ€Ğ°Ñ—Ğ½Ñ– Ğ·Ğ° Ğ´Ğ¾Ğ±Ñƒ Ğ¿Ñ–Ğ´Ñ‚Ğ²ĞµÑ€Ğ´Ğ¸Ğ»Ğ¸ 300 Ğ²Ğ¸Ğ¿Ğ°Ğ´ĞºÑ–Ğ² covid-19 https://t.co/myocrunc24 #Ğ»ÑŒĞ²Ñ–Ğ² #Ğ²Ğ°Ñ€Ñ‚Ğ°1 #lviv
{1352605587654270976},@mpsp_oficial @jdoriajr senhores, denuncia sobre o uso da vacina produzida pelo butantÃ£ em parceria com a sinovac da china. no municÃ­pio de itapecerica da serra, funcionÃ¡rios que nÃ£o estÃ¡ lidando com a covid-19 estÃ£o sendo vacinado. https://t.co/trbliyclbi
{1367246889842745345},@senronjohnson why do you hate the citizens of our country? you are not human, least you act like you have no heart.  why would you ever act the way you do? the state of wi citizens need the covid relief. you want to stop it. dangerous what you are doing. you are unbelievable. stop it!
{1264526677683638278},@nelsondg6 @jeedderh_aleeee plz oooooooh! didn't mean to snatch her from u ooo if she's yours n don't add that to this covid-19 wahala for me ğŸ˜ğŸ˜‚ğŸ˜‚
{1341231895942549505, 1341232078734598144},rt @livewire7teen: uk flights should be allowed to wuhan #mutantcovid
{1412399864856600580},@briankempga i am joining the fight against you. nobody tries to cancel you. you tried to cancel us . you have governed to one side of the isle. a successful governor governs to all and has found a way to vaccinate 70 and more of their population. georgia is dismal in protecting from covid.
{1288200081326264320},as congress negotiates the #healsact, i'm counting on leadership to #stand4service and include the bipartisan #corpsact to allow @americorps &amp; @seniorcorps to support communities with pandemic response &amp; recovery. @royblunt @pattymurray @senalexander  https://t.co/hx4i9yzba4
{1426855587204288512},@_will_curtis_ @city_xtra @footballdaily you never know with all the injuries, covid cases and don't forget about africa cup of nations when you will lose mane and salah potentially for over a month
{1252970206793805826},covid-19 community meeting notes https://t.co/ynctykkq8z
