NUM,TEXT
674785.0," ,rt @jeffreestar: iâ€™m gonna give away $5,000 to 3 random people who retweets this and follows me! â¤ï¸ quarantine is lasting way longer than eâ€¦
"
349511.0," ,rt @realdonaldtrump: tonight, @flotus and i tested positive for covid-19. we will begin our quarantine and recovery process immediately. weâ€¦
"
333221.0," ,rt @moreki_mo: i swear we are fighting two pandemics  covid 19 and stupidity
"
318827.0," ,rt @elonmusk: the coronavirus panic is dumb
"
308718.0," ,rt @loganpaul: in an attempt to make your quarantine not suck, iâ€™m doing a $10,000 giveaway! randomly selecting 10 people to donate $1,000,â€¦
"
250296.0," ,rt @mkbhd: alright it's international giveaway time - looking to make someone's quarantine time a little more fun!  giving away this customâ€¦
"
220187.0," ,rt @ibra_official: i tested negative to covid yesterday and positive today. no symptoms what so ever. covid had the courage to challenge meâ€¦
"
219092.0," ,rt @skaijackson: donald trump called the coronavirus the â€œchinese virusâ€ and called black people â€œthugsâ€ but yâ€™all still think heâ€™s not racâ€¦
"
218947.0," ,rt @kylegriffin1: why did the president knowingly mislead america about the coronavirus threat?
"
217761.0," ,rt @brynntannehill: i don't think anything i've seen so perfectly captures why there's no way the us is going to be getting on top of covidâ€¦
"
205098.0," ,rt @zackbornstein: finally some good news, scientists discovered a treatment that can reduce covid19 transmission by 70%, and its just a piâ€¦
"
203992.0," ,rt @curtisisbooger: my father died of covid alone in a hospital. i had to say goodbye to him over a phone. trump got a joyride to sooth hisâ€¦
"
196212.0," ,rt @killbillevol1: please watch this!!!! especially if youâ€™ve tested positive for covid 19 and have recovered!!!!!! https://t.co/tq5e19ycdg
"
193862.0," ,rt @chicagotraderrr: i lost my dad this morning to covid-19. he was my rock, my best friend, and my hero. he had virtually no symptoms andâ€¦
"
185173.0," ,rt @kingdeficit: applying for jobs in the middle of a pandemic https://t.co/wrlgcluil2
"
184380.0," ,rt @katekaput: the ğŸ‘ğŸ» pandemic ğŸ‘ğŸ» isnâ€™t ğŸ‘ğŸ» over ğŸ‘ğŸ» just ğŸ‘ğŸ» because ğŸ‘ğŸ» youâ€™re ğŸ‘ğŸ» bored ğŸ‘ğŸ»
"
175400.0," ,rt @angelicaxval: theyâ€™re being gassed, exposed to corona virus, raped by staff, sitting in their own pee &amp; shit, children going â€œmissingâ€,â€¦
"
170262.0," ,rt @geolololol: me pretending iâ€™m a dog to trick the coronavirus https://t.co/s2xmwcbp61
"
169573.0," ,rt @djbaskin: choosing your quarantine character ğŸ¾ğŸ‘ğŸ˜‚   https://t.co/tgsqfh1ziz
"
165627.0," ,rt @tastefullytayy: coronavirus has crossed the line for italians  https://t.co/wmi41mkzzn
"
165247.0," ,rt @__valeriatapia: today i learned that new zealand let health experts make the decisions about how to deal w the pandemic rather than polâ€¦
"
164937.0," ,rt @keatsdidit: streaming platforms during quarantine https://t.co/f2ttaijowe
"
157211.0," ,rt @theprincedylan: genovia hasnâ€™t reported a single case of covid-19. this is what true leadership looks like. https://t.co/icdfyrqt5c
"
156367.0," ,rt @lilnigga_lexx: this quarantine has really upped some of y'all's creativity ğŸ˜­ https://t.co/cqdo5blsbc
"
153887.0," ,rt @datmichcray: one of the most interesting things to come from this pandemic is businesses implementing processes they should have been dâ€¦
"
153011.0," ,rt @_dillionnn: when this corona shit passes we have to promise each other that weâ€™re going to tell our kids that we survived a zombie apocâ€¦
"
150488.0," ,rt @elonmusk: selling weed literally went from major felony to essential business (open during pandemic) in much of america &amp; yet many areâ€¦
"
148516.0," ,rt @danaoneika: imagine your child is working as an essential worker during a pandemic at two jobs and is finally sleeping in her bed. theâ€¦
"
148326.0," ,rt @wewantmor_: did teachers &amp; nurses get a bonus as thanks to their hard work during covid?
"
143960.0," ,rt @stevenzequ: itâ€™s unbelievable that asians are getting beat up for covid, blacks are being systematically killed, and latinx children arâ€¦
"
142528.0," ,rt @jrnalll: donald trump literally called the coronavirus the â€œchinese virusâ€ and called black people â€œthugsâ€ and yâ€™all still have the audâ€¦
"
142503.0," ,rt @solomongeorgio: imagine living in a country that it took months to respond to a pandemic and seconds to militarize the police against iâ€¦
"
142055.0," ,rt @demetriachavon: a little wake up call for all of you not wearing masks:  my cousin checked into the hospital tuesday morning for body aâ€¦
"
141572.0," ,rt @siwuol_: rt to save life #coronavirus https://t.co/xq8z2ihrau
"
140235.0," ,rt @rekszn: â€œwhen the pandemic endsâ€   the pandemic:  https://t.co/ogkqg3oocg
"
140225.0," ,rt @jordanzakarin: to help donald trump get the full covid-19 experience, letâ€™s make sure he loses his job and is evicted from his home nexâ€¦
"
139691.0," ,rt @diageoliam: the world health organization has announced that dogs cannot contract covid-19. dogs previously held in quarantine can nowâ€¦
"
138357.0," ,rt @tinyunhwa: covid-19 please stop your world tour
"
136415.0," ,rt @samiam2021md: i am blown away by this covid vaccine video, one of the coolest things i have seen in a long time https://t.co/yreietqtwh
"
135879.0," ,rt @rexchapman: quarantined stuntmen, bruh... https://t.co/nysoqzazbs
"
135874.0," ,rt @coachjustice10: what covid and racism have in common: people don't believe they exists if they haven't been affected personally.
"
132339.0," ,rt @sherocyrxs: me to my family at the end of quarantine  https://t.co/sweruc3cdr
"
132249.0," ,rt @matthewacherry: but took months to figure out testing centers for covid-19
"
130742.0," ,rt @bgluckman: i can't believe people are still arguing about wearing masks.  my mother died of covid last sunday. my father is going to foâ€¦
"
130200.0," ,rt @__f8th: yâ€™all ever think about how weâ€™re living in the middle of a pandemic... and a depression.... and a civil rights movement....duriâ€¦
"
129547.0," ,rt @ilneroback: pandemic or not why do yâ€™all get so close to people in line at the store
"
128720.0," ,rt @travon: the moral of the story is, he lied to you for months and encouraged you to live wrecklessly during a pandemic, and when it gotâ€¦
"
128453.0," ,rt @peterjohndario: my dad died two days ago from covid19. he died alone because the hospital restricted all visitors in order to contain tâ€¦
"
128423.0," ,rt @heavensentmel: due to covid-19 i will not shake hands or hug anymore, you may either kneel or bow to me
"
127999.0," ,rt @rfoster504: i know covid19 confused af right now.
"
127682.0," ,rt @officiallyally: i see a lot of people being like â€œi would survive the coronavirus. iâ€™m taking my chances.â€  the way i see it, yeah. iâ€™dâ€¦
"
127224.0," ,rt @theog_dc: no negativity in 2021 unless itâ€™s covid or pregnancy tests
"
126668.0," ,rt @ishathepoet: yâ€™all couldnâ€™t impose a curfew, no real strict stay at home order for corona but yâ€™all was speedy with this eight pm curfeâ€¦
"
126364.0," ,rt @fvrnandaa: donald trump called mexicans â€œrapistsâ€ &amp; â€œkillersâ€. he called the corona virus the â€œchinese virusâ€. he called black people â€œâ€¦
"
125636.0," ,rt @lexartistes: attending protests is not for everyone and that's ok. whether you are continuing to quarantine in mid-pandemic or you simpâ€¦
"
124548.0," ,rt @kylekulinski: japan has less than 1,000 covid deaths. they never went in to full economic shut down. they have an unemployment rate ofâ€¦
"
124381.0," ,rt @pog_llins: 900 people get coronavirus and the whole world wants to wear surgical mask, 30 million people have aids but still nobody wanâ€¦
"
124116.0," ,rt @danielgstone: yâ€™all remember when the government gave you $1200 to survive for four months of quarantine but gave corporations literalâ€¦
"
124061.0," ,rt @erictile_: the reason why america isnâ€™t recovering from covid-19 as quickly as other countries is because we are a country that valuesâ€¦
"
123572.0," ,rt @kyarraiman_: no offense but the corona virus disappearing before april actually sucks
"
121707.0," ,rt @witchtrlals: if breonna taylorâ€™s killers walking free doesnâ€™t radicalize you, i donâ€™t know what will. if $1billion being funneled intoâ€¦
"
121604.0," ,rt @drphillipsmd: every single person in the vehicle during that completely unnecessary presidential â€œdrive-byâ€ just now has to be quarantiâ€¦
"
120762.0," ,rt @joebiden: iâ€™m happy to report that jill and i have tested negative for covid. thank you to everyone for your messages of concern. i hopâ€¦
"
120690.0," ,rt @migizikwe_: my older brother tested positive for covid. i was in the same house as him. he isolated in his office &amp; used a diff bathrooâ€¦
"
120433.0," ,rt @slothanova: at least during the 1918 pandemic they had cocaine in their soda
"
120277.0," ,rt @mitsurutenma: remember: covid-19 takes a week to two weeks to incubate. do not let the media fool you when they say these 19,000 new caâ€¦
"
119318.0," ,rt @ingarywetrustt: i truly canâ€™t believe we fighting a pandemic, a race war, and the highest unemployment numbers ever all in one year...â€¦
"
117996.0," ,rt @505eunice: after corona can we please normalise wearing masks when youâ€™re sick? there is no reason why little billy should be allowed tâ€¦
"
117451.0," ,rt @borisjohnson: over the last 24 hours i have developed mild symptoms and tested positive for coronavirus.  i am now self-isolating, butâ€¦
"
117431.0," ,rt @ncstinn: scientists: you should wash your hands because of coronavirus.  people: i'm gonna stop flying, hoard masks, work from home &amp; tâ€¦
"
117310.0," ,rt @jardintaylor: coronavirus is everywhere. book that flight. take that trip. you probably wonâ€™t die from it, but even if you do... you waâ€¦
"
114432.0," ,rt @mlkcheflean: sharing this because corona  https://t.co/ofbdqe58rj
"
114396.0," ,rt @cinjimmm: curfew is being strictly enforced during national protesting but not during a global fucking pandemic make it make sense
"
114322.0," ,rt @barackobama: protect yourself and your community from coronavirus with common sense precautions: wash your hands, stay home when sick aâ€¦
"
113950.0," ,rt @mikel_jollett: you can't say covid-19 is so safe we can reopen schools then turn around and say it's too dangerous to have an election.
"
113760.0," ,rt @plain_janie: after spending almost 20 years mourning the 2,700 lives lost on 9/11, we are being told that 180,000 deaths from covid isâ€¦
"
113681.0," ,rt @bcraigv: trump: donâ€™t be afraid of covid.   also trump: https://t.co/yek9f0xflw
"
113640.0," ,rt @mensahmusa: never forget the government only gave you 1,200 to survive for a near 4-month quarantine but gave corporations billions.
"
113502.0," ,rt @briandunord: italy down to only 190 covid cases yesterday after their insane outbreak. france down to 81. spain around 330. the usa? 33â€¦
"
113057.0," ,rt @bradshaaaw: yesterday i knocked on my tennant's door and told him he can stay in the property rent free for 5 months. he is self employâ€¦
"
112906.0," ,rt @agasramirez: quarantine day 31: i joined a facebook group where we all pretend to be ants in an ant colony https://t.co/fjio9vtonl
"
110719.0," ,rt @realdonaldtrump: i will be leaving the great walter reed medical center today at 6:30 p.m. feeling really good! donâ€™t be afraid of coviâ€¦
"
110273.0," ,rt @chelle2x: â€œcorona time â€œğŸ˜­ğŸ˜­ğŸ˜­ğŸ˜­ https://t.co/ixbmhvcfoy
"
110092.0," ,rt @barackobama: watch this. it shows why we should all do the right thing and stay home to the fullest extent possible. all of us can helpâ€¦
"
109902.0," ,rt @amber_hobbs7: brides are cancelling their big day. people are dying alone. funerals of no more than 10 people. healthcare workers stayiâ€¦
"
109701.0," ,rt @joeltkl: psa!!! facial mask is not effective against wuhan virus https://t.co/7niqqsjesb
"
109134.0," ,rt @clownlito: i wish corona virus started in las vegas cuz what happens in vegas stays in vegas
"
107470.0," ,rt @lilliexnicole: i will never forgive yâ€™all for the way yâ€™all acted at the grocery stores those first 3 weeks of quarantine
"
106951.0," ,rt @mhdksafa: schools can't even control lice, you think they can control covid-19.
"
106948.0," ,rt @camealashley: iâ€™m sorry but covid has really made me judge some of my friends. why yâ€™all canâ€™t stay in the house? why yâ€™all canâ€™t wearâ€¦
"
106936.0," ,rt @jahqnasty: racism is still the biggest pandemic we face
"
106622.0," ,rt @jordanrowes: coronavirus said this ones for you princess diana
"
106419.0," ,rt @cornelialg: my babies are too young to read this now. and theyâ€™d barely recognize me in my gear. but if they lose me to covid i want thâ€¦
"
105896.0," ,rt @jennidigital: its has become very clear to me why the 1918 pandemic was followed by the roaring 20s &amp; why people were dressing up to goâ€¦
"
105888.0," ,rt @weebplug: day 8 in quarantine: iâ€™ve been practicing my hand washing techniques and unlocked the rasengan https://t.co/zzsftzgfba
"
105881.0," ,rt @wendizzle__: life pre covid was so unsanitary if you actually think about it.
"
105764.0," ,rt @toniob38: update fedex called and told me to take down this video and fired both of us today .. iâ€™m reposting this video because peopleâ€¦
"
105115.0," ,rt @marinara_sawce: being at 0% icu capacity means one bad car accident, one bad fall, one bad allergic reaction, etc. where youâ€™d otherwisâ€¦
"
104951.0," ,rt @nyshuffler: iâ€™m sorry but after reading that donald trump is forcing hospitals to stop sending in covid-19 data to skew the numbers inâ€¦
"
104819.0," ,rt @berniesanders: once a vaccine for coronavirus is developed, it should be free.
"
103955.0," ,rt @t3rr3z: after covid-19 is over, i better never hear anyone trash ""low end"" workers again. those people at the grocery store, the dollarâ€¦
"
103916.0," ,rt @bluskyz: so baseball players will get tested for covid-19 every two days. how often will teachers and students be tested?
"
103194.0," ,rt @_caitlingeorgia: maybe ur not scared of coronavirus but u should be scared about passing it on to ppl you know who are at risk. thats nâ€¦
"
103078.0," ,rt @7eandra: those who have stayed inside, wore masks in public, and socially distanced during this entire pandemic are the same people whoâ€¦
"
102928.0," ,rt @tgiferb: curfew for black lives matter but none for coronavirus..... black people canâ€™t be more dangerous than an airborne virus with nâ€¦
"
102530.0," ,rt @ximenaxmartinez: i need everyone on my tl that has recovered for covid 19 to watch this please and thanks
"
102527.0," ,rt @muktab_: i still canâ€™t get over how americans got tired of covid and just decided it was over.
"
102269.0," ,rt @barackobama: it might be labor day weekend, but letâ€™s all remember that we're still in the middle of a pandemic. wear a mask, practiceâ€¦
"
102109.0," ,rt @incredibleculk: just staying covid-safe wearing by the flayed skin of my younger self.  don't forget to wear your masks, kids. https://â€¦
"
102090.0," ,rt @techinsider: what coronavirus symptoms look like, day by day https://t.co/k4ivk4qx2m
"
101988.0," ,rt @nickwiger: theyâ€™re gonna blame the protests for covid spikes instead of shit like this
"
101775.0," ,rt @_sjpeace_: this is dr. usama riaz. he spent past weeks screening and treating patients with corona virus in pakistan.   he knew there wâ€¦
"
101262.0," ,rt @lilli_hopkins: guys, apparently today starts the projected two week peak period of covid-19. if not taken seriously, this can last throâ€¦
"
101127.0," ,rt @chloedontsurf: heartbreaking signs held up inside of bradley county jail today. inmates are being denied proper ppe (masks, cleaning suâ€¦
"
100530.0," ,rt @mkbhd: found this extra @dbrand airpods pro while cleaning the studio. time for another quarantine giveaway!  rt and be following for aâ€¦
"
100421.0," ,rt @josephcorcoran: last night corona led me down a youtube rabbit hole and i ended up watching a video of an australian cheese maker makinâ€¦
"
100177.0," ,rt @adoraibe: a country that depends on imports to survive has officially lost its main sea port mid famine, covid-19, and an economic collâ€¦
"
99213.0," ,rt @alexedelman: how come every cop is outfitted like an avenger but health care professionals are out there fighting covid wearing barrelsâ€¦
"
99177.0," ,rt @birdexecutive: time to handle the pandemic myself https://t.co/4rvya9f4vi
"
99108.0," ,rt @supramantrax: pandemic day 25: i made bread :)  day 95: i sure do miss my friends  ....  day 310: the white house appears to be under tâ€¦
"
98805.0," ,rt @danioliver: hey, so, i got #covid19 in march. iâ€™ve been sick for over 3 months w/ severe respiratory, cardiovascular &amp; neurological symâ€¦
"
98593.0," ,rt @beyabean: when covid came w warning, the us didnâ€™t have enough masks, ppe, or tests. when the peaceful protests came, they were ready wâ€¦
"
98543.0," ,rt @iatemuggles: the coronavirus outbreak in italy https://t.co/nset05y1pa
"
98356.0," ,rt @brian2grimey: covid 19 woulda been over if we let these guys handle it https://t.co/3lpieb7lxc
"
97371.0," ,rt @_lexilulu: pandemic or not why do yâ€™all get so close to people in line at the store
"
97040.0," ,rt @noworriezzzz: random thought and idk if anyone agrees but this pandemic has exposed how white people hate being told what to do. they'lâ€¦
"
96792.0," ,rt @itsma____: how to treat covid at home ... this was shared on a covid survivor group...  how to fight covid at home no one ever talks abâ€¦
"
96231.0," ,rt @orangepaulp: no one: covid-19:
"
95602.0," ,rt @itsamandarg: trump supporters demanding we sympathize with trump now that he tested positive for covid... didnâ€™t see any sympathy whenâ€¦
"
95425.0," ,rt @dglo4me: if you believe the world will overcome covid-19 retweet.
"
95004.0," ,rt @robin_blue19: japan has had less than 1000 covid deaths. it is 12 times more densely populated than the us, and they have more elderlyâ€¦
"
94158.0," ,rt @rexchapman: a pandemic. a snowstorm. and a bored guy... https://t.co/lesw42p8rf
"
93777.0," ,rt @3stewwie: i just want to be extremely clear that from this day forth, you canâ€™t trust any data moving forward on covid. blocking the flâ€¦
"
93193.0," ,rt @themariosaurus: watching other countries recover from covid while my country thinks its a political stunt and we gotta start all over aâ€¦
"
93151.0," ,rt @directedbyrian: guys i tweeted my turnip prices and elijah wood just came to my island and hung out ğŸ˜­ğŸ˜­ğŸ˜­ğŸ˜­ğŸ˜­ this is the best day in quaraâ€¦
"
93110.0," ,rt @brs2167: she got a walker. can barely raise her voice. in the hot sun. at 74. in the middle of a pandemic that threatens her more thanâ€¦
"
92171.0," ,rt @eugenegu: so itâ€™s official. weâ€™re number one in the world for coronavirus cases, even surpassing china which has more than 4 times as mâ€¦
"
92149.0," ,rt @ratmobbs: i hate this pandemic if i wanted to waste my early 20s i would have gotten married
"
91872.0," ,rt @elonmusk: something extremely bogus is going on. was tested for covid four times today. two tests came back negative, two came back posâ€¦
"
91578.0," ,rt @drphillipsmd: that presidential suv is not only bulletproof, but hermetically sealed against chemical attack. the risk of covid19 transâ€¦
"
91457.0," ,rt @thebklynvillain: billionaires convinced yâ€™all certain jobs arenâ€™t hard work, so donâ€™t require a decent wage. and yâ€™all ate it up. yet iâ€¦
"
91315.0," ,rt @og_lisaturtle: i don't like being in a pandemic with y'all. it's like being on silent lunch but we keep getting days added on bc y'allâ€¦
"
90974.0," ,rt @jerm_cohen: roof culture during quarantine in nyc https://t.co/uo2trehemu
"
90920.0," ,rt @francesleach_: cuban doctors arriving into italy to support the fight against covid-19. throughout most pandemics of the 21st century câ€¦
"
90889.0," ,rt @thegirlwithfood: it's great that y'all are contributing to bail funds, but many of them have more money than they can use rn (thanks toâ€¦
"
90762.0," ,rt @ixyaaa: the cdc no longer has access to covid data. it all gets sent to the trump administration. like??? youre not going to give the câ€¦
"
90602.0," ,rt @jwillia2: the romanticization of the quarantine is a class privilege! https://t.co/cb4kg17hfn
"
90539.0," ,rt @ayoair: the media: â€œcoronavirus pandemic is getting worse everyone pls wash ur hands and quarantine urselves donâ€™t move weâ€™re getting câ€¦
"
89935.0," ,rt @ahmedchats: nobody :   my mother during the 1st quarantine: https://t.co/6xdqmoqut8
"
89807.0," ,rt @briantylercohen: holy shit. katie porter holds the cdc director's feet to the fire and gets him to commit to free testing for coronavirâ€¦
"
89647.0," ,rt @sahelhaque: if coronavirus didnâ€™t exist i genuinely believe summer 2020 wouldâ€™ve been the best yet idc
"
89380.0," ,rt @billgates: halting funding for the world health organization during a world health crisis is as dangerous as it sounds. their work is sâ€¦
"
89248.0," ,rt @eugenegu: the h1n1 swine flu pandemic that infected up to 1.4 billion people and killed up to 575,000 originated in factory farmed pigsâ€¦
"
88976.0," ,rt @cristaldelreyy: iâ€™m sorry, did this pandemic end?? because iâ€™m seeing a lot of you out and about today with your friends and itâ€™s justâ€¦
"
88971.0," ,rt @abc: ""this is called cross-contamination.""  a michigan nurse used paint to show how easy it is to spread germs even while wearing gloveâ€¦
"
88821.0," ,rt @goldoveries: if the covid not over by 2022 ima try crack
"
88719.0," ,rt @kiwiev: in italy today, a priest decided to live-stream a mass due to covid-19. unfortunately he activated the video filters by mistakeâ€¦
"
88185.0," ,@amymek's account has been withheld in germany, france based on local law(s). learn more.
"
88065.0," ,rt @__parismills: instead of preaching â€œcanâ€™t believe people are out protesting during a pandemic, itâ€™s disgustingâ€, change that to â€œisnâ€™tâ€¦
"
88044.0," ,rt @lasagnabby: coronavirus seeing all the other terrible shit inside my body https://t.co/au26gghl4n
"
87956.0," ,rt @jennengineer_: due to corona, we officially have three days of the week  1. yesterday  2. today 3. tomorrow
"
87435.0," ,rt @ry_clef: prayers for all the pregnant women and new born babies during this pandemic attack.
"
87394.0," ,rt @gemi__ni: everyoneâ€™s waiting for 2021 as if covid expires december 31st ğŸ¥´
"
87144.0," ,rt @its_dryx: the us government is prepared for nothing but war. not a pandemic, not natural disasters, not poverty &amp; homelessness...
"
87097.0," ,rt @aliciatcrosby: i really can't shake how profoundly evil it is to tear gas folks protesting the suffocation of a man by the police durinâ€¦
"
87097.0," ,rt @flors_les: almost 7 months into a pandemic and my family and friends are doing well. god, i thank you.
"
86944.0," ,rt @brownandboujiee: my mum has a phd on corona virus from whatsapp university
"
86569.0," ,rt @onomwamii: i had this quarantine thing handled. this is the video that broke me.  https://t.co/srbdyukzc6
"
86405.0," ,rt @jeffkasanoff: very american to decide we are bored with covid and therefore it is over
"
86378.0," ,rt @em_resus: hi, er doc here.  if you think wearing a piece of cloth makes it â€œhard to breatheâ€, then trust me you do not want covid-19.
"
86306.0," ,rt @hannahlebovits: husband just told me, â€œwatching the federal government deal with covid-19 is like watching the ministry of magic deal wâ€¦
"
85983.0," ,rt @aoc: can we please get people stimulus checks and mortgage relief and rent forgiveness and small business support and free testing andâ€¦
"
85547.0," ,rt @helpfulkraken: they can't give you money to survive a pandemic, they can't find schools, they can't fix water pipes but they can buy evâ€¦
"
85457.0," ,rt @sugaplumami: trump is fighting harder to end tik tok than to end covid-19
"
85294.0," ,rt @bbyboyy__: retweet if you believe god will fill your wallet abudently after this pandemic
"
85213.0," ,rt @evk95: niggas surprised about the govt planting bricks at protests wait till i tell yâ€™all about the crack epidemic
"
85209.0," ,rt @sidhuxg: am i the only one whose whole life changed during quarantine????????? like iâ€™m definitely not the same person i was at the staâ€¦
"
85134.0," ,rt @the_real_bnell: the office: coronavirus   michael ignores the â€œwork from homeâ€ memo because he thinks that everyone should be togetherâ€¦
"
84990.0," ,rt @emaperidol: my boyfriend got his covid vaccine yesterday and i can tell you the most prominent side effect is the inability to shut upâ€¦
"
84821.0," ,rt @rexchapman: sandra the orangutang started washing her hands because she saw all the zookeepers doing it repeatedly during the covid-19â€¦
"
84630.0," ,rt @iamjadejackson: â€œonce covid is overâ€ is starting to sound about as confident as â€œwhen i win the lotto..â€ ğŸ¥´
"
84018.0," ,rt @peytnhaag: i just overheard this little white girl in starbucks say â€œchina has too many ppl anyways whatâ€™s so bad about coronavirusâ€ anâ€¦
"
83936.0," ,rt @khalil_walker_: yâ€™all really believe a 74 year old man beat covid in 3 days?!?! https://t.co/kvxvj7qzju
"
83866.0," ,rt @realdonaldtrump: so last year 37,000 americans died from the common flu. it averages between 27,000 and 70,000 per year. nothing is shuâ€¦
"
83616.0," ,rt @baabyyast: save my people. this is inhuman. children are separated from their families, living/sleeping cages,exposed to covid-19 and oâ€¦
"
83520.0," ,rt @rudy_betrayed: remember when senators got coronavirus briefings before the public and sold off millions of dollars in stocks before theâ€¦
"
83357.0," ,rt @humorandanimals: quarantine : day 16 (michelle sherwood fb) https://t.co/yhah6lxmax
"
83076.0," ,rt @itsjefftiedrich: am i understanding this correctly? covid-19 is so deadly that paul manafort and michael cohen had to be released fromâ€¦
"
83055.0," ,rt @saysthefox: i think everyone could use a lighthearted/happy story right now so here goes:  at the beginning of the pandemic i went throâ€¦
"
82762.0," ,rt @enzdequay: corona leaving when it hits 12am on jan 1 2021 https://t.co/owffjygvar
"
82718.0," ,rt @cxrpxe: give it up for day 365 of the pandemic https://t.co/lkpqkv4fth
"
82337.0," ,rt @p_evans: i have seen a lot of random coronavirus-related stories but i did not see ""monkey gang war"" coming.  monkey gangs
"
81869.0," ,rt @indiewashere: during a pandemic this is literally biological warfare he should be fired and arrested asap
"
81811.0," ,rt @tyreseee_: trump getting covid on the first of october during a full moon??? the witch girls are not slickkkk
"
81741.0," ,rt @keepoff_grass: so yall dumped ice water on ur heads in 2014 for als but wont wear masks for corona
"
81735.0," ,rt @yeahbutnaw: it's disgusting that some ppl have worked this entire pandemic and haven't received any raises, bonuses, or anything. theseâ€¦
"
81233.0," ,rt @yagirlkat_: yâ€™all. i just got a 21 year old guy coming in with chest pain. turns out he had a damn heart attack. everyoneâ€™s confused whâ€¦
"
81139.0," ,rt @andrear9md: update. the cleveland clinic has developed a covid 19 test that gives results in 8 hours as opposed to the 2-3 days it takeâ€¦
"
81135.0," ,rt @choloabel: imagine turning 21 during a pandemic https://t.co/yzzlwby3f0
"
81067.0," ,rt @lookitstaylorrr: shaming people for being on unemployment? in the middle of a pandemic? at your big age???????
"
80938.0," ,rt @unicef: ""if our voices can give strength to people, then thatâ€™s what we want and thatâ€™s what weâ€™ll keep on doing.""   @bts_twtâ€™s heartfeâ€¦
"
80884.0," ,rt @wyabritt: cvs is offering free covid testing with or without insurance all you need to do is make a reservation online!! use this opporâ€¦
"
80870.0," ,rt @realdonaldtrump: why did the w.h.o. ignore an email from taiwanese health officials in late december alerting them to the possibility tâ€¦
"
80675.0," ,rt @jasminjoestar: hand sanitizer is anti-bacterial  the coronavirus is a virus   a bacteria and a virus is not the same wash your hands saâ€¦
"
80549.0," ,rt @loeybug: did... did trump just roast biden because he... consistently... wears a mask...? during a global pandemic???
"
80475.0," ,rt @jeonsgoode: so bts did not only donate $1m to blm, but they also donated $2m to yemen and saved 340,000 kids and they donated another $â€¦
"
80305.0," ,rt @kevonstage: beating this pandemic is a group project.  this is why i always hated group projects.
"
80130.0," ,rt @jemelehill: the nba season is going to be cancelled because of racism, not covid. think about that.
"
80059.0," ,rt @firsttrykai: the us hit a record for most covid cases in a day at 47k. i canâ€™t believe wearing masks became political. americans are soâ€¦
"
80052.0," ,rt @nicool_: working 40 hour weeks during a pandemic just to get paid less than everyone on unemployment is fucking bullshit.
"
80002.0," ,rt @sakotadage: i canâ€™t believe weâ€™re all in our 20â€™s with literally no stability in life and we are alive during a pandemic and a wave ofâ€¦
"
79793.0," ,rt @sineadxia: so shortness of breath is a corona symptom right but you know what also gives me shortness of breath? anxiety. and you knowâ€¦
"
79657.0," ,rt @chancsmith_: so basically america has adapted to working, living, operating in a whole pandemic. iâ€™m guilty of this also, but it just hâ€¦
"
79487.0," ,rt @julian_epp: because everyone in italy is quarantined, the natural wildlife has returned to the water and forests â¤ï¸ we are the virus htâ€¦
"
79374.0," ,rt @samantha__riggs: coronavirus made flights so cheap yâ€™all can finally afford to hang out with your internet boyfriend
"
79213.0," ,rt @barackobama: we've seen all too terribly the consequences of those who denied warnings of a pandemic. we can't afford any more consequeâ€¦
"
79149.0," ,rt @bryannandrea: â€œthis is a pandemic. not a productivity contest.â€
"
78794.0," ,rt @sarahksilverman: police fire tear gas into a peaceful protest of george floydâ€™s murder but stood like the goddamn queenâ€™s guard when whâ€¦
"
78794.0," ,rt @bassbarbie182: tips from an icu nurse to treat (mild) covid at home: a thread.
"
78701.0," ,rt @layc04: you know in jaws when everyone is pissed the beaches are closed bc the shark keeps killing people and they know itâ€™s killing peâ€¦
"
78673.0," ,rt @sjimons: panic buying is a symptom of a dysfunctional society diseased with individualism  to those with litres of soap at home- do youâ€¦
"
78456.0," ,rt @jasmynbeknowing: this woman on the news just said, imagine if there was a medication that reduced your chances of getting covid by 5x.â€¦
"
78438.0," ,rt @mk_____813: a billionaire paid $750 in taxes ğŸ˜‚ğŸ˜‚ğŸ˜‚ but iâ€™m supposed to be mad at someone that is unemployed getting $600 a week during aâ€¦
"
78193.0," ,rt @yeesssiiirrr: future grandson: â€œhey grandpa want a corona?â€  me: https://t.co/zjbdz22lps
"
78075.0," ,rt @aoc: actually you just got rocked by teens on tiktok who flooded the trump campaign w/ fake ticket reservations &amp; tricked you into beliâ€¦
"
77976.0," ,rt @silv24: this is the face of someone who just spent 9 hours in personal protective equipment moving critically ill covid19 patients arouâ€¦
"
77901.0," ,rt @renanbernardo: â€œiâ€™m so happy the pandemic is finally coming to an end.â€  the pandemic: https://t.co/fi0dg0yscc
"
77810.0," ,rt @amaboutobust: never seen the streets so empty, this quarantine crazy https://t.co/pi01ubhvm2
"
77782.0," ,rt @liamdunne__: this was the most insane stage of the pandemic https://t.co/44fipxixwe
"
77767.0," ,rt @lyla_conni: my mom passed away on thursday because of covid-19 &amp; iâ€™m just finding out now that i'll be homeless. i'm unemployed, hungryâ€¦
"
77665.0," ,rt @vincentrannn: ice is threatening to deport international students because their school is going online??? as if they chose online schooâ€¦
"
77616.0," ,rt @laurafred: you know whatâ€™s fucked? as people keep going out and acting like covid isnâ€™t a big deal, my nurse friends and i (in our 20s)â€¦
"
77353.0," ,rt @srbachchan: t 3590 -i have tested covid positive ..  shifted to hospital  .. hospital informing  authorities .. family and staff undergâ€¦
"
76916.0," ,rt @_sjpeace_: a black doctor in miami, a hero, who has been testing the homeless for covid-19 because ""the state is failing to protect theâ€¦
"
76745.0," ,rt @olatinee: coronavirus: africa are you ready???   africans: yeaaa   coronavirus: i said africans are you readdyyyyyyy ğŸ¤˜ğŸ¾ğŸ¤˜ğŸ¾ğŸ¤˜ğŸ¾ğŸ¤˜ğŸ¾ğŸ¤˜ğŸ¾
"
76649.0," ,rt @thekneeofabee: me all day                       me at 3:30 am: in quarantine: https://t.co/uhjvli801h
"
76523.0," ,rt @katlyn_marie06: meredith grey &amp; cristina yang would already have a covid-19 vaccine
"
76495.0," ,rt @kyn_joy: i wish yâ€™all would stop saying covid 19 is fake because itâ€™s disrespectful to the people who are still mourning their loved onâ€¦
"
76439.0," ,rt @earth2terraaa: trump wants to drop the age limit for being on our parentâ€™s insurance from 26 all the way down to 18. before you decideâ€¦
"
76392.0," ,rt @mmilesgoodrich: the way boomers feel about coronavirus rn is how millennials feel about climate change all the time
"
76373.0," ,rt @kmbcrly: i miss 2010 when the only pandemic we had was bieber fever
"
76339.0," ,rt @repkatieporter: when i came to congress, i knew i had a responsibility to pull back the curtain for the american people and expose corrâ€¦
"
76154.0," ,rt @megswifelife: we are 6 months into a pandemic.   stop ğŸ‘ğŸ¼ being ğŸ‘ğŸ¼ surprised ğŸ‘ğŸ¼ you ğŸ‘ğŸ¼ are ğŸ‘ğŸ¼ required ğŸ‘ğŸ¼ to ğŸ‘ğŸ¼ wear ğŸ‘ğŸ¼ a ğŸ‘ğŸ¼ mask ğŸ‘ğŸ¼ inâ€¦
"
76140.0," ,rt @prettyboiidb_9: pandemic stopped everything but racism and police brutality
"
75873.0," ,rt @bassbunnii: eat the rich isnâ€™t about eating your dad who made 150k last year its about eating the billionaires who became trillionairesâ€¦
"
75560.0," ,rt @joshuapotash: teachers are expected to handle active shooters, a pandemic, and solve inequality, but weâ€™ll cut their salaries before weâ€¦
"
75492.0," ,rt @iatemuggles: me, respecting                   everyone quarantine                           on insta https://t.co/hpdwcfuxdd
"
75305.0," ,rt @prioritiesusa: trump refused to take the threat of the coronavirus seriously, now he wonâ€™t take responsibility as his administration haâ€¦
"
75195.0," ,rt @mikel_jollett: the president is tested every day.  every single person he comes into contact with is also tested.  if anyone tests posiâ€¦
"
75074.0," ,rt @sourdies3l: â€œyou changedâ€ bro there was a pandemic and i was in isolation for 6 months
"
74967.0," ,rt @_kiranxx: â€œonce covid is overâ€ is starting to sound a lot like â€œwhen i win the lottery.â€
"
74892.0," ,rt @realdonaldtrump: i am proud to announce that the united states will donate ventilators to our friends in india. we stand with india andâ€¦
"
74700.0," ,rt @murksarchive: fuck corona fuck the police and fuck whoever put 4 muffins in these little bites shit makes no sense
"
74573.0," ,rt @biondiewasabi: does christmas not feel like christmas because:  a) depression b) pandemic c) youâ€™re no longer a child d) all of the aboâ€¦
"
74477.0," ,rt @biancaixvi: corona day 3: it just feels like sunday again and...again
"
74383.0," ,rt @chrisilluminati: much like the pandemic, this vintage store warning sign escalated quickly https://t.co/wm9lmvw7dx
"
74300.0," ,rt @meowdews: notice how in the beggining of quarantine everybody was playing a cute game abt befriending animals and building a village ..â€¦
"
74108.0," ,rt @rosnalju: coronavirus or not   you shouldnâ€™t have to be told to wash your fckin hands
"
73934.0," ,rt @voguemagazine: watch what happened when we caught up with @bts_bighit as they got ready for the #vmas after months of quarantine. httpsâ€¦
"
73844.0," ,rt @khj_esq: coronavirus got boomers stocking their doomsday bunkers... meanwhile millennials are online shopping for bathing suits for theâ€¦
"
73781.0," ,rt @dougmar_: the united states is the only country that still have a corona virus problem and trump wants to focus on tik tok?
"
73649.0," ,rt @asap_locky: i hate this pandemic if i wanted to waste my early 20â€™s i would have gotten married out of high school and never left my hoâ€¦
"
73525.0," ,rt @rexchapman: quarantine day 11:   https://t.co/eksr0tureq
"
73490.0," ,rt @ryantempletbh: genovia has not reported a single case of covid19! this is what real leadership looks like. https://t.co/jfkcau5ywq
"
73456.0," ,rt @mumbles_j: coronavirus has no hope of being contained. because the average american is hilariously stupid
"
73381.0," ,rt @denzelwashngton: to anyone who feels like they â€œwastedâ€ the time during quarantine because they didnâ€™t write a book or learn a second lâ€¦
"
73339.0," ,rt @tyjeria_shana: covid19 is about to get bad (very bad) in this next month &amp; yâ€™all think this shit gone be over in two weeks. no one is sâ€¦
"
73271.0," ,rt @repkatieporter: i did the math: a full battery of coronavirus testing costs at minimum $1,331.  i also did the legal research: the admiâ€¦
"
73197.0," ,rt @rhysblakely: a 70-year-old man in seattle survived the coronavirus, got applauded by staff when he left the hospital after 62 days -- aâ€¦
"
73127.0," ,rt @maxgribben99: i know iâ€™m not allowed to use this word but corona virus is bloody serious https://t.co/kljnccpdvj
"
72932.0," ,rt @aminn_7: oh you're going through a world pandemic? no problem here are 3 exams, 2 projects, and a lab report all due this week plus youâ€¦
"
72922.0," ,rt @youranoncentral: u.s. security forces pulling anti-covid19 facemasks on protestors &amp; journalists to directly pepper spray them in the fâ€¦
"
72622.0," ,rt @initiation: quarantine got me like https://t.co/ovep6nqng4
"
72173.0," ,rt @simplyidyllic: the tiger king era of quarantine seems like it was years ago
"
72079.0," ,rt @rofnl: customers really come up to me and ask â€œwhen this whole covid thing gonna be over?â€ lmfao bro idk let me go ask my manager
"
71976.0," ,rt @rollingstone: in the second of rolling stoneâ€˜s breakout interviews with each of the seven members of bts, jimin contemplated his perfecâ€¦
"
71852.0," ,rt @peachyblackg0rl: â€œyour 20s are going to be your best primes years!â€  this pandemic: https://t.co/kzf5bzpyd2
"
71731.0," ,rt @mercurialhekate: the whole quarantine/animal crossing is the exact opposite energy of the summer of pokemon go
"
71690.0," ,rt @toriporciello: this is how i picture the first night out after being quarantined. https://t.co/ckfl9arguv
"
71435.0," ,rt @ziwe: canâ€™t believe corona blew a 28-3 lead to racism
"
71359.0," ,rt @taiylersimone: required textbooks??? in a pandemic???? you better send us a pdf link professor moneybags
"
71286.0," ,rt @kanganateam: there is no illegal construction in my house, also government has banned any demolitions in covid till september 30, bullyâ€¦
"
71232.0," ,rt @nboogz: iâ€™m flabbergasted at how folks decided the pandemic is over and went back to normal.
"
70988.0," ,rt @_beegilly_: yâ€™all really out here tipping badly or not tipping????? during a pandemic?????? in restaurants yâ€™all begged for to be open?â€¦
"
70933.0," ,rt @mynameisfrex: maybe if i develop feelings for covid-19 it will leave
"
70895.0," ,rt @biondiewasabi: this pandemic has melted my brain every human interaction feels like talking to my crush in 8th grade
"
70853.0," ,rt @antillanasoy_: nobody recovers from covid-19 in 3 days ... specially not a 74 year old man
"
70660.0," ,rt @forrestbrung: thereâ€™s more cases of covid in the white house than in all of new zealand
"
70489.0," ,rt @_justwinnie: â€œonce covid is overâ€ is starting to sound a lot like â€œonce im not depressed anymoreâ€
"
70414.0," ,rt @benoobrown: quarantine mood: https://t.co/puadymhlbt
"
70300.0," ,rt @diayannna: iâ€™ve been covid free this whole pandemic and i could not be more thankful.
"
70149.0," ,rt @ifpi_org: #4 @bts_bighit â€“ be (deluxe edition)  released in november as a response to the covid-19 pandemic, summed up by the lead singâ€¦
"
70092.0," ,rt @yoyotrav: me at my first concert in 2035 when covid finally decides to leave us alone:
"
70026.0," ,rt @fohmilton: coronavirus really closing everything down in the country, but my job
"
69975.0," ,rt @_betsyrodriguez: a doctor killed herself from how overwhelmed she was working with coronavirus patients but yall wanna go mudding withâ€¦
"
69945.0," ,rt @sweeneyabc: breaking: a d.c. priest has coronavirus. he offered communion and shook hands with more than 500 worshippers last week andâ€¦
"
69883.0," ,rt @nobodybutme32: we are battling covid-19, a race war and sexual assault all at the same time and i must say.. it is a lot
"
69799.0," ,rt @brettmau5_: itâ€™s disgusting that these teens donâ€™t care that thereâ€™s a pandemic going on and theyâ€™re having a pool party!! https://t.coâ€¦
"
69769.0," ,rt @bethbourdon: if we only keep one thing from this pandemic, i hope itâ€™s priests with water pistols https://t.co/2lncjqeftc
"
69706.0," ,rt @jordanklepper: the. head. of. the. coronavirus. task. force. is. debating. half. a. year. later. through. two. layers. of. plexiglass.
"
69667.0," ,rt @latelateshow: .@bts_twt coming through with the vocals and the quarantine choreo!!!  ğŸ”¥ğŸ”¥ğŸ”¥ğŸ”¥ğŸ”¥#homefest https://t.co/v5px7mjjzb
"
69666.0," ,rt @kingsalman: as the world confronts the covid-19 pandemic and the challenges to healthcare systems and the global economy, we convene thâ€¦
"
69658.0," ,rt @unicefchief: two years ago @bts_twt inspired young people around the world with a powerful speech at the un general assembly. this yearâ€¦
"
69632.0," ,rt @snyyrid: them killer clowns in 2016 kept more ppl inside than corona
"
69628.0," ,rt @_aaronhilll: they wouldâ€™ve been taken care of covid https://t.co/aw8ofza49v
"
69482.0," ,rt @kristennncain: the pandemic is still happening. the pandemic is still happening. the pandemic is still happening. the pandemic is stillâ€¦
"
69475.0," ,rt @writtenbyhanna: i lost my teens to my depression and now i'm losing my twenties to a pandemic can't wait to lose my thirties to climateâ€¦
"
69338.0," ,rt @jani__gee: corona has showed me that if we had a zombie virus outbreak, weâ€™d all be zombies within 2 weeks.
"
69208.0," ,rt @unicef: ğŸ’œğŸ’™  @bts_twt's messages of solidarity have given hope to children and young people around the world during covid-19.  today, weâ€¦
"
69167.0," ,rt @bigdaddyvinz: covid has killed 570k people in the world and you're still alive, just use 10 seconds to thank god
"
69151.0," ,rt @coastal_eddylb: corona virus explained in craft terms: you and 9 friends are crafting. 1 is using glitter. how many projects have glittâ€¦
"
69137.0," ,rt @wendellpotter: amid america's #covid19 disaster, i must come clean about a lie i spread as a health insurance exec: we spent big $$ toâ€¦
"
69104.0," ,rt @_girlfromatl: when this corona shit is over please invite me out. i know i be flaky sometimes but my ass is going to come outside i proâ€¦
"
68707.0," ,rt @michaellbonsujr: that first covid / lockdown free summer i swear iâ€™m living that shit like phineas and ferb
"
68686.0," ,rt @grahambrookie: for those keeping score at home:  the president refused to invoke the defense production act to mobilize and save livesâ€¦
"
68615.0," ,rt @rosoulra: schools canâ€™t even control lice, but think they can control covid-19 lol
"
68596.0," ,rt @lindsaydemeola: covid survivors and their experiences with long term effects, a thread:
"
68540.0," ,rt @cloverlm: for those of you who refuse to wear masks during this pandemic. https://t.co/3a55c5wcwu
"
68470.0," ,rt @thenayaj: yâ€™all need to accept that this has to be a chill summer. itâ€™s a whole ass pandemic like relax.
"
68455.0," ,rt @keifyb_: iâ€™m 0/2 with stimulus checks like damn am i not in a pandemic
"
68448.0," ,rt @badmamiiiii: i miss life before corona
"
68391.0," ,rt @thisisjustaride: joe biden literally said he'll veto medicare for all.  during the coronavirus outbreak.  on tv.  this man is not electâ€¦
"
68214.0," ,rt @disneyland2go: mickey has died from coronavirus
"
68183.0," ,rt @radseed: *pregnant wife advised not to fly across the atlantic in a pandemic
"
68023.0," ,rt @_iyanii: cvs is testing people for covid for free ! all you have to do is go online and make an appointment. retweet to save a life .
"
68009.0," ,rt @988patrick: itâ€™s not a joke . share guys and stay safe #coronavirus https://t.co/nmccir8up3
"
67986.0," ,rt @50firsttates: canâ€™t believe trump tested positive for covid when all he had to do was not get tested and then he simply wouldnâ€™t have it
"
67915.0," ,rt @faithfitzy: black friday better be cancelled this year. no retail employee deserves to go through that hell while a pandemic is going oâ€¦
"
67776.0," ,rt @gnick_atl: if it was covid-15 heâ€™d be cool with it
"
67597.0," ,rt @jreganwilliams: two 16 hour days. covid is getting bad again at the hospital.  i am exhausted and canâ€™t sleep. i am getting stage 2 preâ€¦
"
67582.0," ,rt @narendramodi: my fellow citizens,   there is absolutely no need to panic.  essential commodities, medicines etc. would be available. ceâ€¦
"
67451.0," ,rt @dilanthevillain: i can hear the djs now â€œif you survived covid-19 make some mfâ€™n noise!â€ğŸ˜‚
"
67371.0," ,rt @donmoyn: the usps had a plan to send 5 reusable facemarks to every household in early april. even had a press release ready.  the whiteâ€¦
"
67325.0," ,rt @jrosesss: ohhhh okay. they didnâ€™t do this when all those white people was protesting against quarantine huh?
"
67305.0," ,rt @jb_peeples: not all things about the pandemic are bad... look how itâ€™s bringing people together https://t.co/874tiqi7lb
"
66958.0," ,rt @dom_dotty: remember when the covid protestors had guns and the police did nothing to them? yeah me too.
"
66921.0," ,rt @arrozconitalia: is it corona? is it allergies? is it the unhealthy air quality? is it anxiety? i can barely breathe
"
66818.0," ,rt @geofflemon: i did almost everything right. worked at home. saw one friend in the last 10 days. had a beer for an hour outside a pub, eiâ€¦
"
66759.0," ,rt @unothemones: day 8 of quarantine https://t.co/6b9zfyux9y
"
66744.0," ,rt @vonn3k_: first day back to school  nobody: teachers: write an essay on how covid-19 has impacted your life
"
66565.0," ,rt @fahvy2: me in                    the story i'll tell quarantine           my grandchildren
"
66558.0," ,rt @davew97: the greatest pic from the pandemic https://t.co/poodu93ebj
"
66541.0," ,rt @unicef: today, bts returned to #unga to share a powerful message on climate action, covid-19 vaccines &amp; the importance of taking care oâ€¦
"
66430.0," ,rt @mrgordian: this is the hardest i have laughed all quarantine.
"
66404.0," ,rt @lsabelladani: usps has been hit p hard by covid - itâ€™s the only postal service that delivers to every single address that does not hitâ€¦
"
65888.0," ,rt @gregoryhardinii: iâ€™m sorry but if people such as fast food and grocery store workers are considered to be â€œessential workersâ€ during aâ€¦
"
65819.0," ,rt @benoobrown: december next week?? time flies when your life is falling apart in a pandemic
"
65479.0," ,rt @21savage: bang outside i hang outside  donâ€™t come out da house cuz corona outside
"
65373.0," ,rt @lameaschris: me and my homies the first night quarantine is over https://t.co/4hjwnzhug0
"
65253.0," ,rt @saintiournt: if corona has ruined something that you were looking forward to say i
"
65000.0," ,rt @kyleplantemoji: saying that wearing a mask during a pandemic is ""living in fear"" is like saying that using oven mitts means you're ""afrâ€¦
"
64924.0," ,rt @jjamz_: applying for jobs in the middle of a pandemic. ğŸ˜ https://t.co/eqo1jhilqn
"
64879.0," ,rt @farringt0n: my quarantine routine is very simple. i wake up and i want to die
"
64876.0," ,rt @mufasatweetss: everybody once the quarantine is over https://t.co/ofajyh6cjb
"
64826.0," ,rt @protectheflames: ""i stopped him and said, 'look, this isn't a movie. you are not will smith in i am legend. go home."" this is the updatâ€¦
"
64616.0," ,rt @daniel_lewis3: here is dr. birx's reaction when president trump asks his science advisor to study using uv light on the human body andâ€¦
"
64613.0," ,rt @edmcupid_: bro covid or not can people stop fucking standing so god damn close to me fuck.
"
64545.0," ,rt @datbadbri: corona leâ€™shay daâ€™virus!! get yo ass in this mf house and leave them people alone!
"
64496.0," ,rt @cynthiahrivas: my dad is one of 200k+ people that died of covid-19. he was super healthy, didn't have any pre-existing conditions, &amp; diâ€¦
"
64491.0," ,rt @fourleafsoul: i think this pandemic has shown us who the true violent, outraged thugs are
"
64395.0," ,rt @sirmowwz: other countries are really out here covid free. just look at us... musty https://t.co/7osvn3c0tl
"
64340.0," ,rt @notthreat3x: trump getting covid right after making fun of biden for wearing masks is so 2020
"
64256.0," ,rt @craig_a_spencer: thank you everyone for your incredible messages of support and encouragement.â™¥ï¸  many of you asked what it was like inâ€¦
"
64248.0," ,rt @oregonprogress: ballet teacher doing remote schooling due to coronavirus while the guest instructor has other ideas. https://t.co/yw2rmâ€¦
"
64026.0," ,rt @annamzep: yâ€™all miss your ex, i miss life without the corona virus
"
63995.0," ,rt @carrothusband: the covid situation in india is really bad. the government isn't doing shit, and there are over 350k cases everyday. theâ€¦
"
63955.0," ,rt @meeracleshappen: hi sorry but if youâ€™re â€œquarantiningâ€ with different people every single day then i do not think you understand what tâ€¦
"
63891.0," ,rt @lakeeater: ice detention camps are now inches away from establishing full-blown gas chambers. hdq neutral is less lethal than zyklon bâ€¦
"
63681.0," ,rt @yangita_: this pandemic has really made me a horrible texter ğŸ˜­ğŸ˜­ğŸ˜­ i'm sorry l really just don't wanna talk.... to anyone
"
63680.0," ,rt @kendragarden: one thing iâ€™ve learned so far in quarantine is that my husband refuses to microwave anything for 45 seconds, he always doâ€¦
"
63593.0," ,rt @_danteswift: the fact the nba analyzed covid and executed a fool-proof plan better than the us government is something iâ€™ll never forgeâ€¦
"
63553.0," ,rt @srothbell: me slowly deteriorating over the pandemic https://t.co/dvyhyrjdvq
"
63384.0," ,rt @teaxtarot: fuck covid i miss the nice drunk girls in the bathroom
"
63302.0," ,rt @humanworkplace: coronavirus is teaching us that:  1) healthcare is a right 2) paid sick time is a right 3) many, many people could do tâ€¦
"
63256.0," ,rt @duttypaul: in these covid times make sure u have the right temperature https://t.co/o0tgju4cdj
"
63249.0," ,rt @jazkillz: â€œkiss me thru the phoneâ€ hittin a lil too hard during this quarantine
"
63231.0," ,rt @bugsyband: usps being intentionally sabotaged in a global pandemic a few months before an election is absolutely not a coincidence.
"
63167.0," ,rt @ericaxhenderson: my only 3 quarantine moods https://t.co/7zjsaawis0
"
63100.0," ,rt @helloalegria: coronavirus has been racialised as a ""chinese"" illness and for this reason chinese people, regardless of their proximityâ€¦
"
62870.0," ,rt @rexchapman: â€œnobody could have ever predicted a pandemic of this proportion.â€  https://t.co/vbvg17tfa2
"
62819.0," ,rt @kingtreiii: exaggerating how i survived the coronavirus apocalypse to my grandkids https://t.co/ujfpum4o93
"
62815.0," ,rt @omarioya: we all know who the only person who can defeat corona is https://t.co/u7draiqhhy
"
62671.0," ,rt @marcsnetiker: quarantine                     quarantine   season 1                        season 2 https://t.co/5b2zmgszwv
"
62657.0," ,rt @firstgentleman: i am very happy that i have successfully managed to avoid covid for a year but i am also exhausted from trying to avoidâ€¦
"
62657.0," ,rt @billielurked: quarantine has me living like a sim. it takes me six hours to cook spaghetti. if something is blocking my path i just cry
"
62632.0," ,rt @bt21_: we can fight the spread of covid-19 together by sticking to the basics. ğŸ’“  follow the steps to protect yourself with bt21! ğŸ“  #câ€¦
"
62544.0," ,rt @greenswelfares: salute to corona warriors- doctors, nurses, police, ambulance drivers, cleanliness workers | fruits distribution-dss voâ€¦
"
62537.0," ,rt @zoehirabayashi: the fact that los angeles imposed a 1pm curfew today to effectively ban the sit-in protest planned for 4pm is a gross iâ€¦
"
62519.0," ,rt @biondiewasabi: itâ€™s crazy how because of corona we can see how almost everything we do is a totally made up social construct that can bâ€¦
"
62481.0," ,rt @emericanjohnson: vietnam was the first country to fully contain sars and covid-19 (with no deaths) and developed a quick-test kit in onâ€¦
"
62356.0," ,rt @bessbell: my dad is an icu doctor treating covid-19 patients. in the past week he has set more â€œiâ€™ve never seen a heart rate/rbc count/â€¦
"
62352.0," ,rt @leauxmichelle: the reason we all gonna be quarantined until jan 1, 2021 is because people think social distancing only applies to big câ€¦
"
62264.0," ,rt @lilvajoint: if your church is making you feel guilty for not coming due to covid then you are in a cult.
"
62137.0," ,rt @anthony_hvtch: remember when we thought quarantine was only gonna be 3-4 weeks ğŸ¤¡
"
62129.0," ,rt @uncrushedvelvet: a government that canâ€™t mobilize to house and feed us during a pandemic but can mobilize to beat us whenever we rise uâ€¦
"
62052.0," ,rt @stevenspohn: on june 11th, michael hickson, a quadriplegic black man with covid-19 was killed by a hospital in austin texas.  doctors dâ€¦
"
62037.0," ,rt @repadamschiff: voting by mail is safe and secure. especially during a pandemic.  but trump continues to say â€“ without evidence â€“ it wilâ€¦
"
61806.0," ,rt @yvescloudedcat: western media wont talk about this but the vietnamese government is helping citizens fight the coronavirus by offeringâ€¦
"
61747.0," ,rt @joyce_karam: protestors in #nigeria discovered today a warehouse of covid19 food aid in lagos that was meant for people but is locked bâ€¦
"
61643.0," ,rt @kheti_thegreat: covid has taught me three things:  1. our economy collapses as soon as it stops selling useless stuff to over indebtedâ€¦
"
61606.0," ,rt @bessbell: oh no the debate is cancelled due to the catastrophic mishandling of a pandemic how will we know which candidate to vote for?
"
61476.0," ,rt @herosnvrdie69: hey the governor of florida literally sent heavily armed cops to the house of a scientist yesterday who was whistleblowiâ€¦
"
61445.0," ,rt @mothcharm: if you've ever used my emojis please consider boosting. we're a family of black immigrants. today someone burned our car. i'â€¦
"
61440.0," ,rt @subtweetg0d: me in the hospital with coronavirus after going on a world tour for $36.67 https://t.co/ibp4too0pt
"
61340.0," ,rt @htownbabyg: *corona virus enters my body*  the 4 flintstone gummies i ate in 2005: https://t.co/3stfdiqtat
"
61282.0," ,rt @projectlincoln: in the past 72 hours we've learned:  1. trump knew putin was hunting our soldiers. 2. putin successfully killed our solâ€¦
"
61269.0," ,rt @baileycarlin: if kiss me thru the phone had come out during coronavirus it wouldâ€™ve been the #1 song in the history of music
"
61256.0," ,rt @froste: if bts gets coronavirus the stans are gonna find a cure within 24 hours
"
61143.0," ,rt @brandonhonaker1: someone died every 8 minutes from covid-19 in florida yesterday and they are opening disney tomorrow wow lol
"
61130.0," ,rt @galeforcerob: people with flu: i feel shit. just wanna stay in bed and do nothing  people with coronavirus: i feel shit. just wanna goâ€¦
"
61123.0," ,rt @2stepnev: a black student during covid missed a few online classes and her caseworker deemed her â€œa threat to her communityâ€. sheâ€™s 15.â€¦
"
61096.0," ,rt @anandwrites: coronavirus makes clear what has been true all along. your health is as safe as that of the worst-insured, worst-cared-forâ€¦
"
61081.0," ,rt @tevonblair: not my in-person graduation canceled but the super bowl looking like this during a pandemic. https://t.co/txeomzqsyg
"
61036.0," ,rt @cosmicblackgirl: in what world is an accelerated semester with 0 breaks and increased workload the proper response to a worldwide pandeâ€¦
"
61036.0," ,rt @chelseasomba: now that we live in covid times i canâ€™t believe we used to have to go to work with a cold and it would be normal to justâ€¦
"
60801.0," ,rt @damsuran: do you ever look at someoneâ€™s story and be like...  how do you not have covid already?
"
60799.0," ,rt @goodable: breaking good news alert:  new zealand has announced it no longer has any patients in hospital being treated for coronavirus.â€¦
"
60776.0," ,rt @iatemuggles: twin babies chatting about coronavirus https://t.co/3ah3jk3v5f
"
60717.0," ,rt @rexchapman: quarantine prank. be careful what you wish for...ğŸ˜‚ğŸ¤£ğŸ˜­ğŸ’€ğŸ’€ https://t.co/q1rz8tlowv
"
60708.0," ,rt @wojespn: jazz star donovan mitchell has tested positive for the coronavirus, league sources tell espn. jazz players privately say thatâ€¦
"
60653.0," ,rt @bighitent: [ê¸°ì‚¬] #bts on making music, watching netflix and working out during quarantine https://t.co/o0eisc4eqp
"
60624.0," ,rt @annaghughes: many people have been using quarantine as a time to perfect their bread or coffee making skills, but i personally have takâ€¦
"
60579.0," ,rt @ashhhhhhole: quarantine taught me that u donâ€™t need fun to have alcohol
"
60491.0," ,rt @mohammadhussain: growing up, my muslim family never celebrated christmas. this year i am not going home, because pandemic, so my roommaâ€¦
"
60286.0," ,rt @tinnkky: covid should not exist in the movie and tv world. i donâ€™t want to see that lol
"
60276.0," ,rt @originaldwoods: a dog has tested positive for the coronavirus. white people about to find a cure asap now
"
60232.0," ,rt @jah2solid: can you still get like regular sick or is every thing corona?
"
60161.0," ,rt @allisoncospin: my moods during this quarantine https://t.co/ukdzfpw41c
"
59923.0," ,rt @karenflemingphd: psa for non-science folks: wonder why everyone is emphasizing hand washing? sounds banal, but soap really is an amazinâ€¦
"
59787.0," ,rt @tostiloca: for all the men who are looking for something to do during quarantine might i suggest therapy
"
59759.0," ,rt @sttephanie___p: this corona shit is getting serious &amp; life too short so if we got beef or fell out i just want to say fuck you again frâ€¦
"
59696.0," ,rt @_mateomontana_: you know who probably doesnâ€™t have 1 case of covid? that island of people who shoot intruders with arrows on sight. godâ€¦
"
59652.0," ,rt @gvbby_23: this corona virus will pass by mid april !! speaking it into existence
"
59628.0," ,rt @psiodyne: can we talk about ice doing raids while everyone is in quarantine? i want to talk about ice doing raids while everyone is inâ€¦
"
59535.0," ,rt @yarotrof: trump visits the coronavirus swab production line in maine, without a mask, and the manufacturer says it will now have to thrâ€¦
"
59522.0," ,rt @elijahdaniel: all im saying is itâ€™s legal to pee yourself in police cars if you get arrested and say â€œi have to peeâ€ and then they haveâ€¦
"
59452.0," ,rt @jack: iâ€™m moving $1b of my square equity (~28% of my wealth) to #startsmall llc to fund global covid-19 relief. after we disarm this paâ€¦
"
59414.0," ,rt @dalizzzl: we just hit 2.16 million covid cases in the us. please let that sink in &amp; stop thinking itâ€™s safe to go out. itâ€™s not. the onâ€¦
"
59383.0," ,rt @priteshgandhimd: i am a f*****g doctor. i lead a health clinic in east austin and treat #covid19 patients.  america is out of its mindâ€¦
"
59308.0," ,rt @itsokayfatima: the student in me died this quarantine.
"
59205.0," ,rt @cl0uds_9: covid-19 made me realize i need to take every opportunity seriously. so iâ€™m finna fight my cousin next family holiday.
"
59201.0," ,rt @mhdksafa: if youâ€™re asking why is the covid-19 rate so low in germany and high in your country. is because their president used to be aâ€¦
"
59103.0," ,rt @naru_ayma: if you didnt realize this before the pandemic i hope you realize it now. your life is disposable under capitalism. the profiâ€¦
"
59011.0," ,rt @mredwards: i've heard that coronavirus is going to cause a massive shortage of books, which will be essential when we're all stuck at hâ€¦
"
59010.0," ,rt @ngelvsworld: the fact that cardi b flawlessly covered the topics of privilege, out of touch celebrity culture, flaws in trump's responsâ€¦
"
58945.0," ,rt @dssnewsupdates: salute to corona warriors- doctors, nurses, police, ambulance drivers, cleanliness workers | fruits distribution-dss voâ€¦
"
58901.0," ,rt @shantalisinggg: university emailing me during this pandemic
"
58750.0," ,rt @realdonaldtrump: as i watch the pandemic spread its ugly face all across the world, including the tremendous damage it has done to theâ€¦
"
58632.0," ,rt @jujubangzz_: my dad probably saw this pandemic coming and social distanced 15 years ago, what a smart mf
"
58606.0," ,rt @unkle_k: this is how the coronavirus started
"
58601.0," ,rt @amandajalishaxo: pandemic or not, why do mfs stand so close behind you while youâ€™re waiting in line?? https://t.co/ygbfdfoive
"
58579.0," ,rt @melhuman: so just to confirm, this is the worst anyone's felt since the start of the pandemic, right? like it's not just me?
"
58560.0," ,rt @dixonromeo: rent is due this week. no second stimulus, no rent freeze.  7th month of a pandemic.
"
58551.0," ,rt @barackobama: hereâ€™s a useful overview of the likely scenarios that the world will be facing in the coming months while managing this paâ€¦
"
58420.0," ,rt @chisanashi: yâ€™all risked corona.........for the ..... chainsmokers.......
"
58405.0," ,rt @crocfanpage: i hate this pandemic, if i wanted to waste my early 20s i wouldâ€™ve become a military wife
"
58370.0," ,rt @kennyalphaomega: y'all more scared of a lockdown and not the actual pandemic. https://t.co/jkbe855yah
"
58347.0," ,rt @ridiculousdak: dogs when they found out their owners canâ€™t leave because of the corona virus https://t.co/ciwmnz0q36
"
58273.0," ,rt @statueofgiberty: how are you gonna be a leader of a country by making fun of your opponentâ€™s sons for having a drug problem in a countrâ€¦
"
58047.0," ,rt @popcrave: cardi b calls out celebrities &amp; the government:  â€œif [trump] is saying â€˜if you donâ€™t have any symptoms of the coronavirus doâ€¦
"
57904.0," ,rt @_gabrielpicolo: quarantine day 20 https://t.co/sqo47z25mk
"
57846.0," ,rt @lilnasx: corona is that nigga who already graduated but wonâ€™t stop coming up to the school
"
57798.0," ,rt @michaeljscottii: when you tired of hearing about coronavirus
"
57786.0," ,rt @yahboyjiraiya: day 9 in quarantine: iâ€™ve unlocked chakra control https://t.co/pis4darzkl
"
57747.0," ,rt @chel_c_cam: i just... keep seeing people on social eating at restaurants, traveling, doing whatever and iâ€™m sitting in my apartment likâ€¦
"
57729.0," ,rt @realdonaldtrump: all over the world the coronavirus, a very bad â€œgiftâ€ from china, marches on. not good!
"
57674.0," ,rt @ls3aaron: this quarantine got us going to sleep at 4 am likes it normal ğŸ˜­
"
57648.0," ,rt @rexchapman: coronavirus instructions.  wait for it...https://t.co/wvnkbwkutb
"
57618.0," ,rt @hydratedangel: day 305 of the pandemic letâ€™s hear it for day 305 https://t.co/9kpkyqmg1n
"
57611.0," ,rt @anacabrera: just in: 51 italian doctors who tested positive for #coronavirus have died - italian association of doctors
"
57541.0," ,rt @tropicanapussy: white ppl go on humanitarian trips to africa like their local town isnâ€™t facing a homelessness and heroin epidemic, staâ€¦
"
57480.0," ,rt @poregan: every 18 seconds i'm like ""do i have covid or is that just what it feels like to have a throat?""
"
57462.0," ,rt @rntata2000: the covid 19 crisis is one of the toughest challenges we will face as a race. the tata trusts and the tata group companiesâ€¦
"
57379.0," ,rt @wspieler: lmaoooooooo boy they bout to do it https://t.co/7lxkwbbipx
"
57314.0," ,rt @rgay: upon arrival in iceland, you take a covid test, quarantine for 5 days then take another test. there is an app to download, that dâ€¦
"
57314.0," ,rt @julialindau: i just landed at jfk after reporting on #coronavirus in milan and lombardy â€”the epicenter of italyâ€™s  outbreakâ€” for @vicenâ€¦
"
57292.0," ,rt @_billiebelieves: your twenties now extend to 32 to cover time lost to covid
"
57266.0," ,rt @winyeemichelle: this is going to sound kinda mad, but this week, pls consider making your weekly takeout a chinese takeaway. my family'â€¦
"
57237.0," ,rt @gordough_: corona virus isn't real, the government just wants everyone inside for two weeks so they can change the batteries in the birâ€¦
"
57026.0," ,rt @skzlovs: the coronavirus outbreak doesnâ€™t give u the right to be racist &amp; xenophobic towards asian people
"
56748.0," ,rt @eugenegu: trump kept telling us to take hydroxychloroquine and inject bleach into our veins to cure the coronavirus. yet when he got inâ€¦
"
56690.0," ,rt @leppuccino: â€œstop touching your face to avoid spread of the coronavirusâ€   me every 2 minutes: https://t.co/yf81201ep9
"
56617.0," ,rt @bincvr: if the coronavirus doesnâ€™t take you out, can i?                       ğŸ¥º                    ğŸ‘‰ğŸ¼ğŸ‘ˆğŸ¼                    ğŸ‘ŸğŸ§¦
"
56595.0," ,rt @alexxishb: day 7 of being quarantined and this is what iâ€™m doing: https://t.co/vu7zeyx9ot
"
56534.0," ,rt @jagonzie: 2 weeks into                    2 months into quarantine:                      quarantine: https://t.co/scaxznr5dj
"
56347.0," ,rt @ayotristan: so we've arrived at the mask flexing phase of the pandemic
"
56328.0," ,rt @wang_seaver: yes, yes new zealand is doing great on covid.  but perhaps we can also spare some praise for, say, vietnam? vietnam maintaâ€¦
"
56257.0," ,rt @marco_acortes: corona virus....its coming
"
56231.0," ,rt @kassieepstein: if this photo isnâ€™t included in the covid section of future history books, weâ€™re doing it wrong https://t.co/4h2cwbdtor
"
55905.0," ,rt @zenalbatross: good morning to all the kids under quarantine in wuhan who defeated the app assigning them homework by spamming it with 1â€¦
"
55843.0," ,rt @berryela_: so youâ€™re telling me my teenage years were stolen by my strict parents and my twenties are being ruined by a global pandemicâ€¦
"
55830.0," ,rt @drericding: omg! who did this?!?! best 2 minutes of your day, week, month, maybe year.   #wearamask #sleepingbeauty #covid19 #masks #maâ€¦
"
55811.0," ,rt @cravebrii: bro yâ€™all be forgetting itâ€™s spring and people actually have allergies not corona
"
55768.0," ,rt @mhdksafa: the son of a palestinian woman who was infected with covid-19 climbed up to her hospital room to sit and see his mother everyâ€¦
"
55732.0," ,rt @drtitty43: if you could end covid-19 by sacrificing a part of the united states, which state would you choose and why florida?
"
55579.0," ,rt @itsindysev: so youâ€™re tellin me rapunzel was in quarantine all her life cause her mom was hiding her from corona https://t.co/urcimv6lwn
"
55550.0," ,rt @800mirgucci: this quarantine got me questioning who i really am https://t.co/fmseprzpkl
"
55528.0," ,rt @itslinzzzz: i donâ€™t have anymore 1, 5, 10 year plans. grief and covid ruined that. iâ€™m just here until iâ€™m not.
"
55492.0," ,rt @menumpahkan: how to wear a mask #coronavirus https://t.co/o71cjiziwx
"
55477.0," ,rt @moonriver365: it is truly amazing. it is a splendid feat that further raises pride in k-pop. the song â€œdynamite,â€ which topped the listâ€¦
"
